{
  "model": "rtdetrv2_r18vd",
  "parameters_M": 20.184464,
  "device": "cuda",
  "evaluation": {
    "AP": 0.45897527468233346,
    "AP50": 0.6175333798159135,
    "AP75": 0.49702450702432843,
    "AP_small": 0.2766667446147768,
    "AP_medium": 0.4896180659734065,
    "AP_large": 0.6212147293743263,
    "AR": 0.34682742821255347
  },
  "benchmarks": [
    {
      "batch_size": 32,
      "fps": 34.09631519035201,
      "latency_ms": 29.32868242263794,
      "std_ms": 3.2448554698887486,
      "min_ms": 24.5206356048584,
      "max_ms": 37.13250160217285
    }
  ],
  "timestamp": "2025-11-10T10:01:57.036743"
}